row,col,Location,Cam__,Lat,Long,Join1,X,Y,Location.1,Cam__.1,Lat.1,Long.1,Join1.1,X.1,Y.1,lineWKT
1,2,BA,1,46.83535,-90.75904,BA1,462117.134,707146.139,BA,2,46.84471,-90.75653,BA2,462318.561,708184.401,"LINESTRING(462117.1 707146.1,462318.6 708184.4)"
2,3,BA,2,46.84471,-90.75653,BA2,462318.561,708184.401,BA,3,46.84388,-90.74583,BA3,463133.508,708084.366,"LINESTRING(462318.6 708184.4,463133.5 708084.4)"
3,4,BA,3,46.84388,-90.74583,BA3,463133.508,708084.366,BA,4,46.85309,-90.74576,BA4,463148.564,709107.756,"LINESTRING(463133.5 708084.4,463148.6 709107.8)"
4,5,BA,4,46.85309,-90.74576,BA4,463148.564,709107.756,BA,5,46.85269,-90.73251,BA5,464158.24,709053.799,"LINESTRING(463148.6 709107.8,464158.2 709053.8)"
4,6,BA,4,46.85309,-90.74576,BA4,463148.564,709107.756,BA,6,46.86181,-90.74486,BA6,463226.366,710076.097,"LINESTRING(463148.6 709107.8,463226.4 710076.1)"
5,7,BA,5,46.85269,-90.73251,BA5,464158.24,709053.799,BA,7,46.8617,-90.73217,BA7,464193.496,710054.776,"LINESTRING(464158.2 709053.8,464193.5 710054.8)"
6,7,BA,6,46.86181,-90.74486,BA6,463226.366,710076.097,BA,7,46.8617,-90.73217,BA7,464193.496,710054.776,"LINESTRING(463226.4 710076.1,464193.5 710054.8)"
7,8,BA,7,46.8617,-90.73217,BA7,464193.496,710054.776,BA,8,46.87081,-90.73158,BA8,464247.9,711066.689,"LINESTRING(464193.5 710054.8,464247.9 711066.7)"
9,11,BE,1,47.00343,-90.75787,BE1,462386.815,725823.025,BE,3,47.01229,-90.75797,BE3,462388.741,726807.673,"LINESTRING(462386.8 725823.0,462388.7 726807.7)"
10,11,BE,2,47.01238,-90.77095,BE2,461402.26,726827.304,BE,3,47.01229,-90.75797,BE3,462388.741,726807.673,"LINESTRING(461402.3 726827.3,462388.7 726807.7)"
11,12,BE,3,47.01229,-90.75797,BE3,462388.741,726807.673,BE,4,47.0119,-90.74472,BE4,463395.43,726754.673,"LINESTRING(462388.7 726807.7,463395.4 726754.7)"
10,13,BE,2,47.01238,-90.77095,BE2,461402.26,726827.304,BE,5,47.02137,-90.77081,BE5,461422.733,727826.222,"LINESTRING(461402.3 726827.3,461422.7 727826.2)"
11,14,BE,3,47.01229,-90.75797,BE3,462388.741,726807.673,BE,6,47.0214369,-90.7578703,BE6,462406.155,727824.058,"LINESTRING(462388.7 726807.7,462406.2 727824.1)"
13,14,BE,5,47.02137,-90.77081,BE5,461422.733,727826.222,BE,6,47.0214369,-90.7578703,BE6,462406.155,727824.058,"LINESTRING(461422.7 727826.2,462406.2 727824.1)"
12,15,BE,4,47.0119,-90.74472,BE4,463395.43,726754.673,BE,7,47.02108,-90.74455,BE7,463418.05,727774.687,"LINESTRING(463395.4 726754.7,463418.0 727774.7)"
14,15,BE,6,47.0214369,-90.7578703,BE6,462406.155,727824.058,BE,7,47.02108,-90.74455,BE7,463418.05,727774.687,"LINESTRING(462406.2 727824.1,463418.0 727774.7)"
14,16,BE,6,47.0214369,-90.7578703,BE6,462406.155,727824.058,BE,8,47.0301432,-90.756242,BE8,462539.241,728790.36,"LINESTRING(462406.2 727824.1,462539.2 728790.4)"
17,18,CA,1,46.99931,-90.55811,CA1,477569.379,725237.628,CA,2,47.00832,-90.55715,CA2,477649.486,726238.354,"LINESTRING(477569.4 725237.6,477649.5 726238.4)"
18,19,CA,2,47.00832,-90.55715,CA2,477649.486,726238.354,CA,3,47.01728,-90.55705,CA3,477664.168,727233.991,"LINESTRING(477649.5 726238.4,477664.2 727234.0)"
20,21,CA,4,47.02689,-90.5694,CA4,476733.323,728308.666,CA,5,47.03578,-90.56935,CA5,476744.306,729296.554,"LINESTRING(476733.3 728308.7,476744.3 729296.6)"
16,22,BE,8,47.0301432,-90.756242,BE8,462539.241,728790.36,DE,1,47.06651,-90.72681,DE1,464813.078,732810.503,"LINESTRING(462539.2 728790.4,464813.1 732810.5)"
13,23,BE,5,47.02137,-90.77081,BE5,461422.733,727826.222,DE,2,47.0762,-90.72701,DE2,464807.897,733887.466,"LINESTRING(461422.7 727826.2,464807.9 733887.5)"
16,23,BE,8,47.0301432,-90.756242,BE8,462539.241,728790.36,DE,2,47.0762,-90.72701,DE2,464807.897,733887.466,"LINESTRING(462539.2 728790.4,464807.9 733887.5)"
22,23,DE,1,47.06651,-90.72681,DE1,464813.078,732810.503,DE,2,47.0762,-90.72701,DE2,464807.897,733887.466,"LINESTRING(464813.1 732810.5,464807.9 733887.5)"
5,25,BA,5,46.85269,-90.73251,BA5,464158.24,709053.799,HE,1,46.88411,-90.6969,HE1,466903.923,712520.585,"LINESTRING(464158.2 709053.8,466903.9 712520.6)"
7,25,BA,7,46.8617,-90.73217,BA7,464193.496,710054.776,HE,1,46.88411,-90.6969,HE1,466903.923,712520.585,"LINESTRING(464193.5 710054.8,466903.9 712520.6)"
8,25,BA,8,46.87081,-90.73158,BA8,464247.9,711066.689,HE,1,46.88411,-90.6969,HE1,466903.923,712520.585,"LINESTRING(464247.9 711066.7,466903.9 712520.6)"
25,26,HE,1,46.88411,-90.6969,HE1,466903.923,712520.585,HE,2,46.88406,-90.68347,HE2,467927.099,712506.03,"LINESTRING(466903.9 712520.6,467927.1 712506.0)"
26,27,HE,2,46.88406,-90.68347,HE2,467927.099,712506.03,HE,3,46.89298,-90.68376,HE3,467913.64,713497.446,"LINESTRING(467927.1 712506.0,467913.6 713497.4)"
17,29,CA,1,46.99931,-90.55811,CA1,477569.379,725237.628,IR,2,46.99422,-90.61218,IR2,473454.219,724702.701,"LINESTRING(477569.4 725237.6,473454.2 724702.7)"
28,29,IR,1,46.99344,-90.61826,IR1,472991.251,724619.653,IR,2,46.99422,-90.61218,IR2,473454.219,724702.701,"LINESTRING(472991.3 724619.7,473454.2 724702.7)"
28,30,IR,1,46.99344,-90.61826,IR1,472991.251,724619.653,IR,3,47.00279,-90.62126,IR3,472771.387,725660.485,"LINESTRING(472991.3 724619.7,472771.4 725660.5)"
17,31,CA,1,46.99931,-90.55811,CA1,477569.379,725237.628,IR,4,47.00278,-90.60806,IR4,473774.86,725651.5,"LINESTRING(477569.4 725237.6,473774.9 725651.5)"
18,31,CA,2,47.00832,-90.55715,CA2,477649.486,726238.354,IR,4,47.00278,-90.60806,IR4,473774.86,725651.5,"LINESTRING(477649.5 726238.4,473774.9 725651.5)"
20,31,CA,4,47.02689,-90.5694,CA4,476733.323,728308.666,IR,4,47.00278,-90.60806,IR4,473774.86,725651.5,"LINESTRING(476733.3 728308.7,473774.9 725651.5)"
29,31,IR,2,46.99422,-90.61218,IR2,473454.219,724702.701,IR,4,47.00278,-90.60806,IR4,473774.86,725651.5,"LINESTRING(473454.2 724702.7,473774.9 725651.5)"
30,31,IR,3,47.00279,-90.62126,IR3,472771.387,725660.485,IR,4,47.00278,-90.60806,IR4,473774.86,725651.5,"LINESTRING(472771.4 725660.5,473774.9 725651.5)"
32,33,MA,1,46.95408,-90.67305,MA1,468787.756,720280.092,MA,2,46.96283,-90.66018,MA2,469775.227,721244.109,"LINESTRING(468787.8 720280.1,469775.2 721244.1)"
33,34,MA,2,46.96283,-90.66018,MA2,469775.227,721244.109,MA,3,46.97201,-90.65932,MA3,469849.236,722263.688,"LINESTRING(469775.2 721244.1,469849.2 722263.7)"
28,35,IR,1,46.99344,-90.61826,IR1,472991.251,724619.653,MA,4,46.97145,-90.64626,MA4,470842.13,722193.184,"LINESTRING(472991.3 724619.7,470842.1 722193.2)"
34,35,MA,3,46.97201,-90.65932,MA3,469849.236,722263.688,MA,4,46.97145,-90.64626,MA4,470842.13,722193.184,"LINESTRING(469849.2 722263.7,470842.1 722193.2)"
36,37,MI,1,46.8754,-90.49862,MI1,482004.634,711437.643,MI,2,46.8745,-90.48565,MI2,482992.355,711331.435,"LINESTRING(482004.6 711437.6,482992.4 711331.4)"
36,38,MI,1,46.8754,-90.49862,MI1,482004.634,711437.643,MI,3,46.88399,-90.49849,MI3,482020.602,712392.133,"LINESTRING(482004.6 711437.6,482020.6 712392.1)"
37,39,MI,2,46.8745,-90.48565,MI2,482992.355,711331.435,MI,4,46.8837833,-90.4855167,MI4,483008.893,712362.968,"LINESTRING(482992.4 711331.4,483008.9 712363.0)"
38,39,MI,3,46.88399,-90.49849,MI3,482020.602,712392.133,MI,4,46.8837833,-90.4855167,MI4,483008.893,712362.968,"LINESTRING(482020.6 712392.1,483008.9 712363.0)"
39,40,MI,4,46.8837833,-90.4855167,MI4,483008.893,712362.968,MI,5,46.88355,-90.47183,MI5,484051.528,712330.683,"LINESTRING(483008.9 712363.0,484051.5 712330.7)"
40,41,MI,5,46.88355,-90.47183,MI5,484051.528,712330.683,MI,6,46.89226,-90.45892,MI6,485040.806,713292.74,"LINESTRING(484051.5 712330.7,485040.8 713292.7)"
21,42,CA,5,47.03578,-90.56935,CA5,476744.306,729296.554,NO,1,47.06298,-90.58955,NO1,475232.387,732330.564,"LINESTRING(476744.3 729296.6,475232.4 732330.6)"
21,43,CA,5,47.03578,-90.56935,CA5,476744.306,729296.554,NO,2,47.07148,-90.58515,NO2,475573.568,733272.638,"LINESTRING(476744.3 729296.6,475573.6 733272.6)"
42,43,NO,1,47.06298,-90.58955,NO1,475232.387,732330.564,NO,2,47.07148,-90.58515,NO2,475573.568,733272.638,"LINESTRING(475232.4 732330.6,475573.6 733272.6)"
25,44,HE,1,46.88411,-90.6969,HE1,466903.923,712520.585,OA,1,46.91842,-90.73148,OA1,464304.837,716357.218,"LINESTRING(466903.9 712520.6,464304.8 716357.2)"
27,45,HE,3,46.89298,-90.68376,HE3,467913.64,713497.446,OA,2,46.91855,-90.70541,OA2,466289.958,716353.483,"LINESTRING(467913.6 713497.4,466290.0 716353.5)"
44,46,OA,1,46.91842,-90.73148,OA1,464304.837,716357.218,OA,3,46.92749,-90.73178,OA3,464291.398,717365.328,"LINESTRING(464304.8 716357.2,464291.4 717365.3)"
46,47,OA,3,46.92749,-90.73178,OA3,464291.398,717365.328,OA,4,46.92755,-90.71869,OA4,465287.974,717362.781,"LINESTRING(464291.4 717365.3,465288.0 717362.8)"
32,48,MA,1,46.95408,-90.67305,MA1,468787.756,720280.092,OA,5,46.92758,-90.70547,OA5,466294.415,717356.977,"LINESTRING(468787.8 720280.1,466294.4 717357.0)"
45,48,OA,2,46.91855,-90.70541,OA2,466289.958,716353.483,OA,5,46.92758,-90.70547,OA5,466294.415,717356.977,"LINESTRING(466290.0 716353.5,466294.4 717357.0)"
47,48,OA,4,46.92755,-90.71869,OA4,465287.974,717362.781,OA,5,46.92758,-90.70547,OA5,466294.415,717356.977,"LINESTRING(465288.0 717362.8,466294.4 717357.0)"
46,50,OA,3,46.92749,-90.73178,OA3,464291.398,717365.328,OA,7,46.93652,-90.73167,OA7,464309.134,718368.703,"LINESTRING(464291.4 717365.3,464309.1 718368.7)"
49,50,OA,6,46.93631,-90.74464,OA6,463321.699,718354.66,OA,7,46.93652,-90.73167,OA7,464309.134,718368.703,"LINESTRING(463321.7 718354.7,464309.1 718368.7)"
47,51,OA,4,46.92755,-90.71869,OA4,465287.974,717362.781,OA,8,46.93637,-90.71659,OA8,465456.798,718341.435,"LINESTRING(465288.0 717362.8,465456.8 718341.4)"
32,52,MA,1,46.95408,-90.67305,MA1,468787.756,720280.092,OA,9,46.93672,-90.70568,OA9,466287.567,718372.799,"LINESTRING(468787.8 720280.1,466287.6 718372.8)"
48,52,OA,5,46.92758,-90.70547,OA5,466294.415,717356.977,OA,9,46.93672,-90.70568,OA9,466287.567,718372.799,"LINESTRING(466294.4 717357.0,466287.6 718372.8)"
51,52,OA,8,46.93637,-90.71659,OA8,465456.798,718341.435,OA,9,46.93672,-90.70568,OA9,466287.567,718372.799,"LINESTRING(465456.8 718341.4,466287.6 718372.8)"
49,54,OA,6,46.93631,-90.74464,OA6,463321.699,718354.66,OA,11,46.94524,-90.74516,OA11,463291.549,719347.378,"LINESTRING(463321.7 718354.7,463291.5 719347.4)"
53,54,OA,10,46.94504,-90.75846,OA10,462279.167,719334.858,OA,11,46.94524,-90.74516,OA11,463291.549,719347.378,"LINESTRING(462279.2 719334.9,463291.5 719347.4)"
50,55,OA,7,46.93652,-90.73167,OA7,464309.134,718368.703,OA,12,46.9456,-90.73202,OA12,464291.913,719377.963,"LINESTRING(464309.1 718368.7,464291.9 719378.0)"
54,55,OA,11,46.94524,-90.74516,OA11,463291.549,719347.378,OA,12,46.9456,-90.73202,OA12,464291.913,719377.963,"LINESTRING(463291.5 719347.4,464291.9 719378.0)"
51,56,OA,8,46.93637,-90.71659,OA8,465456.798,718341.435,OA,13,46.94554,-90.71892,OA13,465288.792,719362.072,"LINESTRING(465456.8 718341.4,465288.8 719362.1)"
55,56,OA,12,46.9456,-90.73202,OA12,464291.913,719377.963,OA,13,46.94554,-90.71892,OA13,465288.792,719362.072,"LINESTRING(464291.9 719378.0,465288.8 719362.1)"
54,57,OA,11,46.94524,-90.74516,OA11,463291.549,719347.378,OA,14,46.9542,-90.74543,OA14,463280.468,720343.251,"LINESTRING(463291.5 719347.4,463280.5 720343.3)"
55,58,OA,12,46.9456,-90.73202,OA12,464291.913,719377.963,OA,15,46.95494,-90.73238,OA15,464274.212,720416.125,"LINESTRING(464291.9 719378.0,464274.2 720416.1)"
57,58,OA,14,46.9542,-90.74543,OA14,463280.468,720343.251,OA,15,46.95494,-90.73238,OA15,464274.212,720416.125,"LINESTRING(463280.5 720343.3,464274.2 720416.1)"
32,59,MA,1,46.95408,-90.67305,MA1,468787.756,720280.092,OA,16,46.95462,-90.71885,OA16,465303.37,720371.036,"LINESTRING(468787.8 720280.1,465303.4 720371.0)"
56,59,OA,13,46.94554,-90.71892,OA13,465288.792,719362.072,OA,16,46.95462,-90.71885,OA16,465303.37,720371.036,"LINESTRING(465288.8 719362.1,465303.4 720371.0)"
58,59,OA,15,46.95494,-90.73238,OA15,464274.212,720416.125,OA,16,46.95462,-90.71885,OA16,465303.37,720371.036,"LINESTRING(464274.2 720416.1,465303.4 720371.0)"
58,60,OA,15,46.95494,-90.73238,OA15,464274.212,720416.125,OT,1,46.98784,-90.70658,OT1,466270.27,724054.128,"LINESTRING(464274.2 720416.1,466270.3 724054.1)"
59,60,OA,16,46.95462,-90.71885,OA16,465303.37,720371.036,OT,1,46.98784,-90.70658,OT1,466270.27,724054.128,"LINESTRING(465303.4 720371.0,466270.3 724054.1)"
34,61,MA,3,46.97201,-90.65932,MA3,469849.236,722263.688,OT,2,46.98734,-90.69337,OT2,467274.299,723989.591,"LINESTRING(469849.2 722263.7,467274.3 723989.6)"
60,61,OT,1,46.98784,-90.70658,OT1,466270.27,724054.128,OT,2,46.98734,-90.69337,OT2,467274.299,723989.591,"LINESTRING(466270.3 724054.1,467274.3 723989.6)"
12,62,BE,4,47.0119,-90.74472,BE4,463395.43,726754.673,OT,3,46.99686,-90.70585,OT3,466334.811,725055.981,"LINESTRING(463395.4 726754.7,466334.8 725056.0)"
60,62,OT,1,46.98784,-90.70658,OT1,466270.27,724054.128,OT,3,46.99686,-90.70585,OT3,466334.811,725055.981,"LINESTRING(466270.3 724054.1,466334.8 725056.0)"
61,63,OT,2,46.98734,-90.69337,OT2,467274.299,723989.591,OT,4,46.99644,-90.69314,OT4,467300.735,725000.68,"LINESTRING(467274.3 723989.6,467300.7 725000.7)"
62,63,OT,3,46.99686,-90.70585,OT3,466334.811,725055.981,OT,4,46.99644,-90.69314,OT4,467300.735,725000.68,"LINESTRING(466334.8 725056.0,467300.7 725000.7)"
34,64,MA,3,46.97201,-90.65932,MA3,469849.236,722263.688,OT,5,46.99599,-90.68076,OT5,468241.555,724942.42,"LINESTRING(469849.2 722263.7,468241.6 724942.4)"
63,64,OT,4,46.99644,-90.69314,OT4,467300.735,725000.68,OT,5,46.99599,-90.68076,OT5,468241.555,724942.42,"LINESTRING(467300.7 725000.7,468241.6 724942.4)"
63,65,OT,4,46.99644,-90.69314,OT4,467300.735,725000.68,OT,6,47.00544,-90.69263,OT6,467348.353,726000.47,"LINESTRING(467300.7 725000.7,467348.4 726000.5)"
64,66,OT,5,46.99599,-90.68076,OT5,468241.555,724942.42,OT,7,47.00516,-90.67934,OT7,468358.356,725960.507,"LINESTRING(468241.6 724942.4,468358.4 725960.5)"
65,66,OT,6,47.00544,-90.69263,OT6,467348.353,726000.47,OT,7,47.00516,-90.67934,OT7,468358.356,725960.507,"LINESTRING(467348.4 726000.5,468358.4 725960.5)"
67,68,OU,1,47.00087,-90.4549,OU1,485417.064,725360.253,OU,2,47.0007,-90.44138,OU2,486444.805,725335.481,"LINESTRING(485417.1 725360.3,486444.8 725335.5)"
18,69,CA,2,47.00832,-90.55715,CA2,477649.486,726238.354,OU,3,47.01001,-90.45405,OU3,485487.572,726375.571,"LINESTRING(477649.5 726238.4,485487.6 726375.6)"
19,69,CA,3,47.01728,-90.55705,CA3,477664.168,727233.991,OU,3,47.01001,-90.45405,OU3,485487.572,726375.571,"LINESTRING(477664.2 727234.0,485487.6 726375.6)"
67,69,OU,1,47.00087,-90.4549,OU1,485417.064,725360.253,OU,3,47.01001,-90.45405,OU3,485487.572,726375.571,"LINESTRING(485417.1 725360.3,485487.6 726375.6)"
68,70,OU,2,47.0007,-90.44138,OU2,486444.805,725335.481,OU,4,47.00953,-90.44093,OU4,486484.539,726316.533,"LINESTRING(486444.8 725335.5,486484.5 726316.5)"
69,70,OU,3,47.01001,-90.45405,OU3,485487.572,726375.571,OU,4,47.00953,-90.44093,OU4,486484.539,726316.533,"LINESTRING(485487.6 726375.6,486484.5 726316.5)"
41,71,MI,6,46.89226,-90.45892,MI6,485040.806,713292.74,OU,5,47.00936,-90.4276,OU5,487497.674,726292.024,"LINESTRING(485040.8 713292.7,487497.7 726292.0)"
70,71,OU,4,47.00953,-90.44093,OU4,486484.539,726316.533,OU,5,47.00936,-90.4276,OU5,487497.674,726292.024,"LINESTRING(486484.5 726316.5,487497.7 726292.0)"
70,72,OU,4,47.00953,-90.44093,OU4,486484.539,726316.533,OU,6,47.01858,-90.44033,OU6,486535.8,727321.971,"LINESTRING(486484.5 726316.5,486535.8 727322.0)"
71,73,OU,5,47.00936,-90.4276,OU5,487497.674,726292.024,OU,7,47.01801,-90.42709,OU7,487541.682,727253.056,"LINESTRING(487497.7 726292.0,487541.7 727253.1)"
72,73,OU,6,47.01858,-90.44033,OU6,486535.8,727321.971,OU,7,47.01801,-90.42709,OU7,487541.682,727253.056,"LINESTRING(486535.8 727322.0,487541.7 727253.1)"
41,74,MI,6,46.89226,-90.45892,MI6,485040.806,713292.74,OU,8,47.01789,-90.41404,OU8,488533.41,727234.395,"LINESTRING(485040.8 713292.7,488533.4 727234.4)"
73,74,OU,7,47.01801,-90.42709,OU7,487541.682,727253.056,OU,8,47.01789,-90.41404,OU8,488533.41,727234.395,"LINESTRING(487541.7 727253.1,488533.4 727234.4)"
19,75,CA,3,47.01728,-90.55705,CA3,477664.168,727233.991,OU,9,47.02787,-90.4531,OU9,485571.265,728359.872,"LINESTRING(477664.2 727234.0,485571.3 728359.9)"
72,76,OU,6,47.01858,-90.44033,OU6,486535.8,727321.971,OU,10,47.02764,-90.44003,OU10,486564.257,728328.649,"LINESTRING(486535.8 727322.0,486564.3 728328.6)"
75,76,OU,9,47.02787,-90.4531,OU9,485571.265,728359.872,OU,10,47.02764,-90.44003,OU10,486564.257,728328.649,"LINESTRING(485571.3 728359.9,486564.3 728328.6)"
74,77,OU,8,47.01789,-90.41404,OU8,488533.41,727234.395,OU,11,47.02705,-90.41369,OU11,488565.387,728252.174,"LINESTRING(488533.4 727234.4,488565.4 728252.2)"
19,78,CA,3,47.01728,-90.55705,CA3,477664.168,727233.991,OU,12,47.03691,-90.45285,OU12,485596.072,729364.348,"LINESTRING(477664.2 727234.0,485596.1 729364.3)"
75,78,OU,9,47.02787,-90.4531,OU9,485571.265,728359.872,OU,12,47.03691,-90.45285,OU12,485596.072,729364.348,"LINESTRING(485571.3 728359.9,485596.1 729364.3)"
76,79,OU,10,47.02764,-90.44003,OU10,486564.257,728328.649,OU,13,47.03666,-90.43954,OU13,486607.117,729330.804,"LINESTRING(486564.3 728328.6,486607.1 729330.8)"
78,79,OU,12,47.03691,-90.45285,OU12,485596.072,729364.348,OU,13,47.03666,-90.43954,OU13,486607.117,729330.804,"LINESTRING(485596.1 729364.3,486607.1 729330.8)"
79,80,OU,13,47.03666,-90.43954,OU13,486607.117,729330.804,OU,14,47.03647,-90.42636,OU14,487608.331,729304.152,"LINESTRING(486607.1 729330.8,487608.3 729304.2)"
77,81,OU,11,47.02705,-90.41369,OU11,488565.387,728252.174,OU,15,47.03605,-90.41317,OU15,488610.178,729252.106,"LINESTRING(488565.4 728252.2,488610.2 729252.1)"
80,81,OU,14,47.03647,-90.42636,OU14,487608.331,729304.152,OU,15,47.03605,-90.41317,OU15,488610.178,729252.106,"LINESTRING(487608.3 729304.2,488610.2 729252.1)"
79,82,OU,13,47.03666,-90.43954,OU13,486607.117,729330.804,OU,16,47.04602,-90.43922,OU16,486637.264,730370.815,"LINESTRING(486607.1 729330.8,486637.3 730370.8)"
80,83,OU,14,47.03647,-90.42636,OU14,487608.331,729304.152,OU,17,47.04531,-90.42563,OU17,487669.133,730286.213,"LINESTRING(487608.3 729304.2,487669.1 730286.2)"
82,83,OU,16,47.04602,-90.43922,OU16,486637.264,730370.815,OU,17,47.04531,-90.42563,OU17,487669.133,730286.213,"LINESTRING(486637.3 730370.8,487669.1 730286.2)"
81,84,OU,15,47.03605,-90.41317,OU15,488610.178,729252.106,OU,18,47.04535,-90.41261,OU18,488658.17,730285.363,"LINESTRING(488610.2 729252.1,488658.2 730285.4)"
83,84,OU,17,47.04531,-90.42563,OU17,487669.133,730286.213,OU,18,47.04535,-90.41261,OU18,488658.17,730285.363,"LINESTRING(487669.1 730286.2,488658.2 730285.4)"
21,85,CA,5,47.03578,-90.56935,CA5,476744.306,729296.554,OU,19,47.05474,-90.45169,OU19,485695.633,731345.234,"LINESTRING(476744.3 729296.6,485695.6 731345.2)"
82,86,OU,16,47.04602,-90.43922,OU16,486637.264,730370.815,OU,20,47.05467,-90.43755,OU20,486769.491,731331.354,"LINESTRING(486637.3 730370.8,486769.5 731331.4)"
85,86,OU,19,47.05474,-90.45169,OU19,485695.633,731345.234,OU,20,47.05467,-90.43755,OU20,486769.491,731331.354,"LINESTRING(485695.6 731345.2,486769.5 731331.4)"
83,87,OU,17,47.04531,-90.42563,OU17,487669.133,730286.213,OU,21,47.05417,-90.42551,OU21,487683.601,731270.749,"LINESTRING(487669.1 730286.2,487683.6 731270.7)"
86,87,OU,20,47.05467,-90.43755,OU20,486769.491,731331.354,OU,21,47.05417,-90.42551,OU21,487683.601,731270.749,"LINESTRING(486769.5 731331.4,487683.6 731270.7)"
84,88,OU,18,47.04535,-90.41261,OU18,488658.17,730285.363,OU,22,47.05437,-90.41157,OU22,488742.44,731287.314,"LINESTRING(488658.2 730285.4,488742.4 731287.3)"
87,88,OU,21,47.05417,-90.42551,OU21,487683.601,731270.749,OU,22,47.05437,-90.41157,OU22,488742.44,731287.314,"LINESTRING(487683.6 731270.7,488742.4 731287.3)"
87,89,OU,21,47.05417,-90.42551,OU21,487683.601,731270.749,OU,24,47.0633,-90.4252,OU24,487712.657,732285.214,"LINESTRING(487683.6 731270.7,487712.7 732285.2)"
88,90,OU,22,47.05437,-90.41157,OU22,488742.44,731287.314,OU,25,47.0630333,-90.4120167,OU25,488713.582,732250.221,"LINESTRING(488742.4 731287.3,488713.6 732250.2)"
89,90,OU,24,47.0633,-90.4252,OU24,487712.657,732285.214,OU,25,47.0630333,-90.4120167,OU25,488713.582,732250.221,"LINESTRING(487712.7 732285.2,488713.6 732250.2)"
90,91,OU,25,47.0630333,-90.4120167,OU25,488713.582,732250.221,OU,26,47.0626833,-90.3988333,OU26,489714.478,732206.14,"LINESTRING(488713.6 732250.2,489714.5 732206.1)"
43,92,NO,2,47.07148,-90.58515,NO2,475573.568,733272.638,OU,27,47.07224,-90.42474,OU27,487752.979,733278.503,"LINESTRING(475573.6 733272.6,487753.0 733278.5)"
89,92,OU,24,47.0633,-90.4252,OU24,487712.657,732285.214,OU,27,47.07224,-90.42474,OU27,487752.979,733278.503,"LINESTRING(487712.7 732285.2,487753.0 733278.5)"
90,93,OU,25,47.0630333,-90.4120167,OU25,488713.582,732250.221,OU,28,47.07212,-90.41159,OU28,488751.295,733259.833,"LINESTRING(488713.6 732250.2,488751.3 733259.8)"
92,93,OU,27,47.07224,-90.42474,OU27,487752.979,733278.503,OU,28,47.07212,-90.41159,OU28,488751.295,733259.833,"LINESTRING(487753.0 733278.5,488751.3 733259.8)"
91,94,OU,26,47.0626833,-90.3988333,OU26,489714.478,732206.14,OU,29,47.07179,-90.39828,OU29,489761.645,733217.931,"LINESTRING(489714.5 732206.1,489761.6 733217.9)"
93,94,OU,28,47.07212,-90.41159,OU28,488751.295,733259.833,OU,29,47.07179,-90.39828,OU29,489761.645,733217.931,"LINESTRING(488751.3 733259.8,489761.6 733217.9)"
9,96,BE,1,47.00343,-90.75787,BE1,462386.815,725823.025,RA,2,46.97736,-90.79383,RA2,459623.775,722953.06,"LINESTRING(462386.8 725823.0,459623.8 722953.1)"
10,96,BE,2,47.01238,-90.77095,BE2,461402.26,726827.304,RA,2,46.97736,-90.79383,RA2,459623.775,722953.06,"LINESTRING(461402.3 726827.3,459623.8 722953.1)"
53,96,OA,10,46.94504,-90.75846,OA10,462279.167,719334.858,RA,2,46.97736,-90.79383,RA2,459623.775,722953.06,"LINESTRING(462279.2 719334.9,459623.8 722953.1)"
57,96,OA,14,46.9542,-90.74543,OA14,463280.468,720343.251,RA,2,46.97736,-90.79383,RA2,459623.775,722953.06,"LINESTRING(463280.5 720343.3,459623.8 722953.1)"
95,96,RA,1,46.97349,-90.80185,RA1,459009.396,722529.216,RA,2,46.97736,-90.79383,RA2,459623.775,722953.06,"LINESTRING(459009.4 722529.2,459623.8 722953.1)"
15,97,BE,7,47.02108,-90.74455,BE7,463418.05,727774.687,RO,1,47.02305,-90.68793,RO1,467722.824,727954.251,"LINESTRING(463418.0 727774.7,467722.8 727954.3)"
65,97,OT,6,47.00544,-90.69263,OT6,467348.353,726000.47,RO,1,47.02305,-90.68793,RO1,467722.824,727954.251,"LINESTRING(467348.4 726000.5,467722.8 727954.3)"
66,97,OT,7,47.00516,-90.67934,OT7,468358.356,725960.507,RO,1,47.02305,-90.68793,RO1,467722.824,727954.251,"LINESTRING(468358.4 725960.5,467722.8 727954.3)"
15,98,BE,7,47.02108,-90.74455,BE7,463418.05,727774.687,RO,2,47.03205,-90.68768,RO2,467750.606,728954.222,"LINESTRING(463418.0 727774.7,467750.6 728954.2)"
97,98,RO,1,47.02305,-90.68793,RO1,467722.824,727954.251,RO,2,47.03205,-90.68768,RO2,467750.606,728954.222,"LINESTRING(467722.8 727954.3,467750.6 728954.2)"
98,99,RO,2,47.03205,-90.68768,RO2,467750.606,728954.222,RO,3,47.03181,-90.67461,RO3,468743.431,728918.912,"LINESTRING(467750.6 728954.2,468743.4 728918.9)"
22,100,DE,1,47.06651,-90.72681,DE1,464813.078,732810.503,RO,4,47.0412012,-90.6874159,RO4,467779.601,729970.986,"LINESTRING(464813.1 732810.5,467779.6 729971.0)"
98,100,RO,2,47.03205,-90.68768,RO2,467750.606,728954.222,RO,4,47.0412012,-90.6874159,RO4,467779.601,729970.986,"LINESTRING(467750.6 728954.2,467779.6 729971.0)"
99,101,RO,3,47.03181,-90.67461,RO3,468743.431,728918.912,RO,5,47.0411412,-90.65479,RO5,468779.885,729934.532,"LINESTRING(468743.4 728918.9,468779.9 729934.5)"
100,101,RO,4,47.0412012,-90.6874159,RO4,467779.601,729970.986,RO,5,47.0411412,-90.65479,RO5,468779.885,729934.532,"LINESTRING(467779.6 729971.0,468779.9 729934.5)"
101,102,RO,5,47.0411412,-90.65479,RO5,468779.885,729934.532,RO,6,47.04552,-90.66257,RO6,469671.125,730434.646,"LINESTRING(468779.9 729934.5,469671.1 730434.6)"
103,104,SA,1,46.96598,-90.9652,SA1,446574.301,721834.745,SA,2,46.96588,-90.95225,SA2,447559.313,721811.582,"LINESTRING(446574.3 721834.7,447559.3 721811.6)"
104,105,SA,2,46.96588,-90.95225,SA2,447559.313,721811.582,SA,3,46.96528,-90.93929,SA3,448544.423,721733.01,"LINESTRING(447559.3 721811.6,448544.4 721733.0)"
103,107,SA,1,46.96598,-90.9652,SA1,446574.301,721834.745,SA,5,46.97479,-90.96488,SA5,446610.698,722813.454,"LINESTRING(446574.3 721834.7,446610.7 722813.5)"
106,107,SA,4,46.97524,-90.97809,SA4,445606.562,722875.916,SA,5,46.97479,-90.96488,SA5,446610.698,722813.454,"LINESTRING(445606.6 722875.9,446610.7 722813.5)"
104,108,SA,2,46.96588,-90.95225,SA2,447559.313,721811.582,SA,6,46.97484,-90.95174,SA6,447610.201,722806.788,"LINESTRING(447559.3 721811.6,447610.2 722806.8)"
107,108,SA,5,46.97479,-90.96488,SA5,446610.698,722813.454,SA,6,46.97484,-90.95174,SA6,447610.201,722806.788,"LINESTRING(446610.7 722813.5,447610.2 722806.8)"
105,109,SA,3,46.96528,-90.93929,SA3,448544.423,721733.01,SA,7,46.97451,-90.93864,SA7,448606.155,722758.1,"LINESTRING(448544.4 721733.0,448606.2 722758.1)"
108,109,SA,6,46.97484,-90.95174,SA6,447610.201,722806.788,SA,7,46.97451,-90.93864,SA7,448606.155,722758.1,"LINESTRING(447610.2 722806.8,448606.2 722758.1)"
24,110,EA,1,46.94191,-91.03661,EA1,441106.557,719229.357,SA,8,46.9842,-90.97795,SA8,445629.636,723871.461,"LINESTRING(441106.6 719229.4,445629.6 723871.5)"
106,110,SA,4,46.97524,-90.97809,SA4,445606.562,722875.916,SA,8,46.9842,-90.97795,SA8,445629.636,723871.461,"LINESTRING(445606.6 722875.9,445629.6 723871.5)"
107,111,SA,5,46.97479,-90.96488,SA5,446610.698,722813.454,SA,9,46.9839,-90.9649667,SA9,446616.57,723825.883,"LINESTRING(446610.7 722813.5,446616.6 723825.9)"
110,111,SA,8,46.9842,-90.97795,SA8,445629.636,723871.461,SA,9,46.9839,-90.9649667,SA9,446616.57,723825.883,"LINESTRING(445629.6 723871.5,446616.6 723825.9)"
108,112,SA,6,46.97484,-90.95174,SA6,447610.201,722806.788,SA,10,46.9835,-90.9514833,SA10,447641.411,723768.893,"LINESTRING(447610.2 722806.8,447641.4 723768.9)"
111,112,SA,9,46.9839,-90.9649667,SA9,446616.57,723825.883,SA,10,46.9835,-90.9514833,SA10,447641.411,723768.893,"LINESTRING(446616.6 723825.9,447641.4 723768.9)"
109,113,SA,7,46.97451,-90.93864,SA7,448606.155,722758.1,SA,11,46.98204,-90.93649,SA11,448779.687,723592.914,"LINESTRING(448606.2 722758.1,448779.7 723592.9)"
113,114,SA,11,46.98204,-90.93649,SA11,448779.687,723592.914,SA,12,46.99253,-90.93829,SA12,448656.756,724760.254,"LINESTRING(448779.7 723592.9,448656.8 724760.3)"
30,115,IR,3,47.00279,-90.62126,IR3,472771.387,725660.485,SO,1,47.02932,-90.64594,SO1,470919.497,728623.838,"LINESTRING(472771.4 725660.5,470919.5 728623.8)"
99,115,RO,3,47.03181,-90.67461,RO3,468743.431,728918.912,SO,1,47.02932,-90.64594,SO1,470919.497,728623.838,"LINESTRING(468743.4 728918.9,470919.5 728623.8)"
102,116,RO,6,47.04552,-90.66257,RO6,469671.125,730434.646,SO,2,47.03851,-90.64571,SO2,470945.396,729644.946,"LINESTRING(469671.1 730434.6,470945.4 729644.9)"
115,116,SO,1,47.02932,-90.64594,SO1,470919.497,728623.838,SO,2,47.03851,-90.64571,SO2,470945.396,729644.946,"LINESTRING(470919.5 728623.8,470945.4 729644.9)"
17,117,CA,1,46.99931,-90.55811,CA1,477569.379,725237.628,ST,C9,46.957706,-90.548202,STC9,478290.306,720609.04,"LINESTRING(477569.4 725237.6,478290.3 720609.0)"
17,118,CA,1,46.99931,-90.55811,CA1,477569.379,725237.628,ST,C10,46.958846,-90.53632,STC10,479195.219,720729.469,"LINESTRING(477569.4 725237.6,479195.2 720729.5)"
117,118,ST,C9,46.957706,-90.548202,STC9,478290.306,720609.04,ST,C10,46.958846,-90.53632,STC10,479195.219,720729.469,"LINESTRING(478290.3 720609.0,479195.2 720729.5)"
17,119,CA,1,46.99931,-90.55811,CA1,477569.379,725237.628,ST,C12,46.957932,-90.509877,STC12,481206.44,720614.476,"LINESTRING(477569.4 725237.6,481206.4 720614.5)"
67,119,OU,1,47.00087,-90.4549,OU1,485417.064,725360.253,ST,C12,46.957932,-90.509877,STC12,481206.44,720614.476,"LINESTRING(485417.1 725360.3,481206.4 720614.5)"
68,119,OU,2,47.0007,-90.44138,OU2,486444.805,725335.481,ST,C12,46.957932,-90.509877,STC12,481206.44,720614.476,"LINESTRING(486444.8 725335.5,481206.4 720614.5)"
35,120,MA,4,46.97145,-90.64626,MA4,470842.13,722193.184,ST,D5,46.951522,-90.60204,STD5,474188.75,719951.894,"LINESTRING(470842.1 722193.2,474188.8 719951.9)"
29,121,IR,2,46.99422,-90.61218,IR2,473454.219,724702.701,ST,D6,46.951497,-90.588031,STD6,475254.73,719941.025,"LINESTRING(473454.2 724702.7,475254.7 719941.0)"
120,121,ST,D5,46.951522,-90.60204,STD5,474188.75,719951.894,ST,D6,46.951497,-90.588031,STD6,475254.73,719941.025,"LINESTRING(474188.8 719951.9,475254.7 719941.0)"
17,122,CA,1,46.99931,-90.55811,CA1,477569.379,725237.628,ST,D7,46.950747,-90.57554,STD7,476204.61,719850.628,"LINESTRING(477569.4 725237.6,476204.6 719850.6)"
121,122,ST,D6,46.951497,-90.588031,STD6,475254.73,719941.025,ST,D7,46.950747,-90.57554,STD7,476204.61,719850.628,"LINESTRING(475254.7 719941.0,476204.6 719850.6)"
122,123,ST,D7,46.950747,-90.57554,STD7,476204.61,719850.628,ST,D8,46.950494,-90.562357,STD8,477207.57,719815.234,"LINESTRING(476204.6 719850.6,477207.6 719815.2)"
117,124,ST,C9,46.957706,-90.548202,STC9,478290.306,720609.04,ST,D9,46.950314,-90.548868,STD9,478233.883,719787.957,"LINESTRING(478290.3 720609.0,478233.9 719788.0)"
123,124,ST,D8,46.950494,-90.562357,STD8,477207.57,719815.234,ST,D9,46.950314,-90.548868,STD9,478233.883,719787.957,"LINESTRING(477207.6 719815.2,478233.9 719788.0)"
118,125,ST,C10,46.958846,-90.53632,STC10,479195.219,720729.469,ST,D10,46.949789,-90.536158,STD10,479200.661,719722.924,"LINESTRING(479195.2 720729.5,479200.7 719722.9)"
124,125,ST,D9,46.950314,-90.548868,STD9,478233.883,719787.957,ST,D10,46.949789,-90.536158,STD10,479200.661,719722.924,"LINESTRING(478233.9 719788.0,479200.7 719722.9)"
38,126,MI,3,46.88399,-90.49849,MI3,482020.602,712392.133,ST,D11,46.947449,-90.524057,STD11,480119.767,719456.666,"LINESTRING(482020.6 712392.1,480119.8 719456.7)"
41,126,MI,6,46.89226,-90.45892,MI6,485040.806,713292.74,ST,D11,46.947449,-90.524057,STD11,480119.767,719456.666,"LINESTRING(485040.8 713292.7,480119.8 719456.7)"
125,126,ST,D10,46.949789,-90.536158,STD10,479200.661,719722.924,ST,D11,46.947449,-90.524057,STD11,480119.767,719456.666,"LINESTRING(479200.7 719722.9,480119.8 719456.7)"
33,127,MA,2,46.96283,-90.66018,MA2,469775.227,721244.109,ST,E3,46.942993,-90.629371,STE3,472101.417,719020.443,"LINESTRING(469775.2 721244.1,472101.4 719020.4)"
127,128,ST,E3,46.942993,-90.629371,STE3,472101.417,719020.443,ST,E4,46.942867,-90.615514,STE4,473155.909,718998.069,"LINESTRING(472101.4 719020.4,473155.9 718998.1)"
120,129,ST,D5,46.951522,-90.60204,STD5,474188.75,719951.894,ST,E5,46.942297,-90.602872,STE5,474117.557,718927.253,"LINESTRING(474188.8 719951.9,474117.6 718927.3)"
128,129,ST,E4,46.942867,-90.615514,STE4,473155.909,718998.069,ST,E5,46.942297,-90.602872,STE5,474117.557,718927.253,"LINESTRING(473155.9 718998.1,474117.6 718927.3)"
121,130,ST,D6,46.951497,-90.588031,STD6,475254.73,719941.025,ST,E6,46.942475,-90.58908,STE6,475167.375,718939.055,"LINESTRING(475254.7 719941.0,475167.4 718939.1)"
129,130,ST,E5,46.942297,-90.602872,STE5,474117.557,718927.253,ST,E6,46.942475,-90.58908,STE6,475167.375,718939.055,"LINESTRING(474117.6 718927.3,475167.4 718939.1)"
122,131,ST,D7,46.950747,-90.57554,STD7,476204.61,719850.628,ST,E7,46.941709,-90.576238,STE7,476144.114,718846.671,"LINESTRING(476204.6 719850.6,476144.1 718846.7)"
130,131,ST,E6,46.942475,-90.58908,STE6,475167.375,718939.055,ST,E7,46.941709,-90.576238,STE7,476144.114,718846.671,"LINESTRING(475167.4 718939.1,476144.1 718846.7)"
124,132,ST,D9,46.950314,-90.548868,STD9,478233.883,719787.957,ST,E9,46.941258,-90.549809,STE9,478155.22,718782.111,"LINESTRING(478233.9 719788.0,478155.2 718782.1)"
125,133,ST,D10,46.949789,-90.536158,STD10,479200.661,719722.924,ST,E10,46.940169,-90.537414,STE10,479097.757,718654.557,"LINESTRING(479200.7 719722.9,479097.8 718654.6)"
132,133,ST,E9,46.941258,-90.549809,STE9,478155.22,718782.111,ST,E10,46.940169,-90.537414,STE10,479097.757,718654.557,"LINESTRING(478155.2 718782.1,479097.8 718654.6)"
32,134,MA,1,46.95408,-90.67305,MA1,468787.756,720280.092,ST,F2,46.935163,-90.642002,STF2,471132.997,718158.129,"LINESTRING(468787.8 720280.1,471133.0 718158.1)"
127,135,ST,E3,46.942993,-90.629371,STE3,472101.417,719020.443,ST,F3,46.933801,-90.627912,STF3,472204.276,717998.094,"LINESTRING(472101.4 719020.4,472204.3 717998.1)"
134,135,ST,F2,46.935163,-90.642002,STF2,471132.997,718158.129,ST,F3,46.933801,-90.627912,STF3,472204.276,717998.094,"LINESTRING(471133.0 718158.1,472204.3 717998.1)"
128,136,ST,E4,46.942867,-90.615514,STE4,473155.909,718998.069,ST,F4,46.933593,-90.615703,STF4,473133.433,717967.612,"LINESTRING(473155.9 718998.1,473133.4 717967.6)"
135,136,ST,F3,46.933801,-90.627912,STF3,472204.276,717998.094,ST,F4,46.933593,-90.615703,STF4,473133.433,717967.612,"LINESTRING(472204.3 717998.1,473133.4 717967.6)"
129,137,ST,E5,46.942297,-90.602872,STE5,474117.557,718927.253,ST,F5,46.933392,-90.602652,STF5,474126.696,717937.559,"LINESTRING(474117.6 718927.3,474126.7 717937.6)"
136,137,ST,F4,46.933593,-90.615703,STF4,473133.433,717967.612,ST,F5,46.933392,-90.602652,STF5,474126.696,717937.559,"LINESTRING(473133.4 717967.6,474126.7 717937.6)"
131,138,ST,E7,46.941709,-90.576238,STE7,476144.114,718846.671,ST,F7,46.93304,-90.576117,STF7,476146.246,717883.263,"LINESTRING(476144.1 718846.7,476146.2 717883.3)"
132,139,ST,E9,46.941258,-90.549809,STE9,478155.22,718782.111,ST,F9,46.932253,-90.549325,STF9,478185.047,717781.175,"LINESTRING(478155.2 718782.1,478185.0 717781.2)"
48,140,OA,5,46.92758,-90.70547,OA5,466294.415,717356.977,ST,G2,46.925271,-90.642344,STG2,471097.962,717059.099,"LINESTRING(466294.4 717357.0,471098.0 717059.1)"
134,140,ST,F2,46.935163,-90.642002,STF2,471132.997,718158.129,ST,G2,46.925271,-90.642344,STG2,471097.962,717059.099,"LINESTRING(471133.0 718158.1,471098.0 717059.1)"
135,141,ST,F3,46.933801,-90.627912,STF3,472204.276,717998.094,ST,G3,46.925171,-90.629199,STG3,472098.617,717039.874,"LINESTRING(472204.3 717998.1,472098.6 717039.9)"
140,141,ST,G2,46.925271,-90.642344,STG2,471097.962,717059.099,ST,G3,46.925171,-90.629199,STG3,472098.617,717039.874,"LINESTRING(471098.0 717059.1,472098.6 717039.9)"
136,142,ST,F4,46.933593,-90.615703,STF4,473133.433,717967.612,ST,G4,46.925117,-90.616237,STG4,473085.385,717026.039,"LINESTRING(473133.4 717967.6,473085.4 717026.0)"
141,142,ST,G3,46.925171,-90.629199,STG3,472098.617,717039.874,ST,G4,46.925117,-90.616237,STG4,473085.385,717026.039,"LINESTRING(472098.6 717039.9,473085.4 717026.0)"
36,144,MI,1,46.8754,-90.49862,MI1,482004.634,711437.643,ST,G7,46.923805,-90.576914,STG7,476078.029,716857.473,"LINESTRING(482004.6 711437.6,476078.0 716857.5)"
138,144,ST,F7,46.93304,-90.576117,STF7,476146.246,717883.263,ST,G7,46.923805,-90.576914,STG7,476078.029,716857.473,"LINESTRING(476146.2 717883.3,476078.0 716857.5)"
143,144,ST,G6,46.924066,-90.589684,STG6,475106.025,716893.707,ST,G7,46.923805,-90.576914,STG7,476078.029,716857.473,"LINESTRING(475106.0 716893.7,476078.0 716857.5)"
36,145,MI,1,46.8754,-90.49862,MI1,482004.634,711437.643,ST,G9,46.922792,-90.548359,STG9,478251.23,716729.31,"LINESTRING(482004.6 711437.6,478251.2 716729.3)"
38,145,MI,3,46.88399,-90.49849,MI3,482020.602,712392.133,ST,G9,46.922792,-90.548359,STG9,478251.23,716729.31,"LINESTRING(482020.6 712392.1,478251.2 716729.3)"
139,145,ST,F9,46.932253,-90.549325,STF9,478185.047,717781.175,ST,G9,46.922792,-90.548359,STG9,478251.23,716729.31,"LINESTRING(478185.0 717781.2,478251.2 716729.3)"
26,146,HE,2,46.88406,-90.68347,HE2,467927.099,712506.03,ST,H4,46.915798,-90.616847,STH4,473030.801,715990.836,"LINESTRING(467927.1 712506.0,473030.8 715990.8)"
142,146,ST,G4,46.925117,-90.616237,STG4,473085.385,717026.039,ST,H4,46.915798,-90.616847,STH4,473030.801,715990.836,"LINESTRING(473085.4 717026.0,473030.8 715990.8)"
95,147,RA,1,46.97349,-90.80185,RA1,459009.396,722529.216,YO,1,46.9801,-90.85927,YO1,454649.935,723310.039,"LINESTRING(459009.4 722529.2,454649.9 723310.0)"
114,148,SA,12,46.99253,-90.93829,SA12,448656.756,724760.254,YO,2,46.98847,-90.87363,YO2,453568.181,724252.233,"LINESTRING(448656.8 724760.3,453568.2 724252.2)"
147,148,YO,1,46.9801,-90.85927,YO1,454649.935,723310.039,YO,2,46.98847,-90.87363,YO2,453568.181,724252.233,"LINESTRING(454649.9 723310.0,453568.2 724252.2)"
73,149,OU,7,47.01801,-90.42709,OU7,487541.682,727253.056,OU,23,47.02747655,-90.42658319,OU23,487585.418,728305.777,"LINESTRING(487541.7 727253.1,487585.4 728305.8)"
76,149,OU,10,47.02764,-90.44003,OU10,486564.257,728328.649,OU,23,47.02747655,-90.42658319,OU23,487585.418,728305.777,"LINESTRING(486564.3 728328.6,487585.4 728305.8)"
77,149,OU,11,47.02705,-90.41369,OU11,488565.387,728252.174,OU,23,47.02747655,-90.42658319,OU23,487585.418,728305.777,"LINESTRING(488565.4 728252.2,487585.4 728305.8)"
80,149,OU,14,47.03647,-90.42636,OU14,487608.331,729304.152,OU,23,47.02747655,-90.42658319,OU23,487585.418,728305.777,"LINESTRING(487608.3 729304.2,487585.4 728305.8)"
26,150,HE,2,46.88406,-90.68347,HE2,467927.099,712506.03,ST,,0,0,ST,472100.056,716010.886,"LINESTRING(467927.1 712506.0,472100.1 716010.9)"
141,150,ST,G3,46.925171,-90.629199,STG3,472098.617,717039.874,ST,,0,0,ST,472100.056,716010.886,"LINESTRING(472098.6 717039.9,472100.1 716010.9)"
146,150,ST,H4,46.915798,-90.616847,STH4,473030.801,715990.836,ST,,0,0,ST,472100.056,716010.886,"LINESTRING(473030.8 715990.8,472100.1 716010.9)"
130,151,ST,E6,46.942475,-90.58908,STE6,475167.375,718939.055,ST,,0,0,ST,475143.44,717952.855,"LINESTRING(475167.4 718939.1,475143.4 717952.9)"
137,151,ST,F5,46.933392,-90.602652,STF5,474126.696,717937.559,ST,,0,0,ST,475143.44,717952.855,"LINESTRING(474126.7 717937.6,475143.4 717952.9)"
138,151,ST,F7,46.93304,-90.576117,STF7,476146.246,717883.263,ST,,0,0,ST,475143.44,717952.855,"LINESTRING(476146.2 717883.3,475143.4 717952.9)"
143,151,ST,G6,46.924066,-90.589684,STG6,475106.025,716893.707,ST,,0,0,ST,475143.44,717952.855,"LINESTRING(475106.0 716893.7,475143.4 717952.9)"
123,152,ST,D8,46.950494,-90.562357,STD8,477207.57,719815.234,ST,,0,0,ST,477172.363,718841.716,"LINESTRING(477207.6 719815.2,477172.4 718841.7)"
131,152,ST,E7,46.941709,-90.576238,STE7,476144.114,718846.671,ST,,0,0,ST,477172.363,718841.716,"LINESTRING(476144.1 718846.7,477172.4 718841.7)"
132,152,ST,E9,46.941258,-90.549809,STE9,478155.22,718782.111,ST,,0,0,ST,477172.363,718841.716,"LINESTRING(478155.2 718782.1,477172.4 718841.7)"
138,153,ST,F7,46.93304,-90.576117,STF7,476146.246,717883.263,ST,,0,0,ST,477162.701,717856.239,"LINESTRING(476146.2 717883.3,477162.7 717856.2)"
139,153,ST,F9,46.932253,-90.549325,STF9,478185.047,717781.175,ST,,0,0,ST,477162.701,717856.239,"LINESTRING(478185.0 717781.2,477162.7 717856.2)"
152,153,ST,,0,0,ST,477172.363,718841.716,ST,,0,0,ST,477162.701,717856.239,"LINESTRING(477172.4 718841.7,477162.7 717856.2)"
17,154,CA,1,46.99931,-90.55811,CA1,477569.379,725237.628,ST,,0,0,ST,480128.793,720667.747,"LINESTRING(477569.4 725237.6,480128.8 720667.7)"
118,154,ST,C10,46.958846,-90.53632,STC10,479195.219,720729.469,ST,,0,0,ST,480128.793,720667.747,"LINESTRING(479195.2 720729.5,480128.8 720667.7)"
119,154,ST,C12,46.957932,-90.509877,STC12,481206.44,720614.476,ST,,0,0,ST,480128.793,720667.747,"LINESTRING(481206.4 720614.5,480128.8 720667.7)"
26,155,HE,2,46.88406,-90.68347,HE2,467927.099,712506.03,ST,,0,0,ST,471075.933,716030.209,"LINESTRING(467927.1 712506.0,471075.9 716030.2)"
27,155,HE,3,46.89298,-90.68376,HE3,467913.64,713497.446,ST,,0,0,ST,471075.933,716030.209,"LINESTRING(467913.6 713497.4,471075.9 716030.2)"
140,155,ST,G2,46.925271,-90.642344,STG2,471097.962,717059.099,ST,,0,0,ST,471075.933,716030.209,"LINESTRING(471098.0 717059.1,471075.9 716030.2)"
150,155,ST,,0,0,ST,472100.056,716010.886,ST,,0,0,ST,471075.933,716030.209,"LINESTRING(472100.1 716010.9,471075.9 716030.2)"
19,20,CA,3,47.01728,-90.55705,CA3,477664.168,727233.991,CA,4,47.02689,-90.5694,CA4,476733.323,728308.666,"LINESTRING(477664.2 727234.0,476733.3 728308.7)"
